<?xml version="1.0" encoding="UTF-8"?>
<?xml-stylesheet type="text/xsl" href="D:\ITI\Courses\XML\Students\Day 3\Chrestena\ass4 (1).xsl"?>
<family>
	<grandfather>Ibrahim
            <father job="Engineer">
			<mother>mona</mother>
			<daughter age="23" job="ITI student">ghada</daughter>
			<son age="21" sport="football">mohamed</son>
		</father>
		<father job="Engineer">Hamdy
                 <mother>Rania</mother>
			<daughter age="15" job="ITI student">Hend</daughter>
			<son age="33" sport="football">Hosam</son>
		</father>
		<uncle>Alaa</uncle>
		<uncle>reda</uncle>
		<aunt sons="2">layla</aunt>
	</grandfather>
</family>
